"ID","Description","GeneRatio","BgRatio","RichFactor","FoldEnrichment","zScore","pvalue","p.adjust","qvalue","geneID","Count"
"GO:0030198","extracellular matrix organization","50/669","331/18860",0.151057401812689,4.25850911537715,11.4696733252506,3.14463766848963e-18,6.20916602617242e-15,5.01820147672826e-15,"TIMP3/ABI3BP/TNFRSF1B/VWA1/COL4A1/HMCN1/COL5A1/OLFML2B/COL4A2/TNFRSF11B/TGFBR3/ADAMTS12/PRICKLE1/SCX/HAS3/COL1A1/TGFB2/LAMA2/ADAMTS5/ADAMTS9/ADAMTS1/HAS2/NID1/ITGA2/ADAMTS14/MFAP4/ADAM8/GAS6/PDGFRA/HPSE2/NDNF/CTSK/COL4A6/FOXC2/ZNF469/MMP14/MMP1/POSTN/SMOC1/LCP1/KAZALD1/MPZL3/COL8A2/WT1/ADAMTSL1/MMP28/FMOD/PTX3/MMP12/CARMIL2",50
"GO:0072001","renal system development","48/669","334/18860",0.143712574850299,4.0514486721624,10.7902765332742,1.17529059029902e-16,1.34247567676905e-13,1.08497878704446e-13,"ANGPT2/SOX11/COL4A1/TNS2/KIF26B/PLCE1/EDNRB/PLXND1/WNT5A/ASS1/SPRY1/FRAS1/PDGFD/PDGFRB/ENPEP/PRICKLE1/NOG/CDKN1C/TGFB2/WNK4/ADAMTS1/MAGI2/JAG1/HAS2/PDGFB/NID1/PDGFA/DCHS1/BCL2L11/RDH10/WNT7B/PDGFRA/GLI2/LIF/DLL1/FOXC2/OSR1/PROX1/SLIT2/KIRREL3/HOXD11/GFRA1/BMP4/SERPINB7/WT1/PTPRO/ID2/ACTA2",48
"GO:0007416","synapse assembly","34/669","284/18860",0.119718309859155,3.37501842144045,7.7338216673723,5.77831801594409e-10,3.30014187685607e-07,2.66714994735946e-07,"ADGRL2/RELN/SLITRK6/IL1RAPL1/ELMO1/PLXND1/WNT5A/LZTS1/ADGRL3/DKK1/NRXN1/MARK1/LRRN3/BDNF/PRICKLE1/PCDHB11/CLSTN3/FGF13/PCDHB5/PCDHB4/DOCK4/NEGR1/DNER/NRCAM/CLSTN2/CSMD2/KIRREL3/NEURL1/PLXNC1/CYFIP2/PCDH17/PCDHB16/RTN4R/EPHB3",34
"GO:0006935","chemotaxis","46/669","474/18860",0.0970464135021097,2.73586750171867,7.34017167821469,6.73089991979246e-10,3.41705352594797e-07,2.76163706650666e-07,"NRG1/ANGPT2/HGF/MTUS1/PPIB/EDNRB/WNT5A/SEMA6D/NEDD9/CSF1R/PDGFD/PDGFRB/HSPB1/RARRES2/LPAR1/TGFB2/CCN3/PDGFB/CXADR/CCR3/ITGA2/PDGFA/ADAM8/NTF3/DOCK4/WNT7B/HBEGF/GAS6/PDGFRA/CYSLTR1/PDE4B/CMTM8/SLIT2/GPNMB/F3/BMP4/CMTM3/PADI2/GPR183/PTN/PGF/RIPOR2/PTPRO/KIT/MMP28/HOXB9",46
"GO:0007156","homophilic cell adhesion via plasma membrane adhesion molecules","25/669","168/18860",0.148809523809524,4.19513844401737,7.97738473123849,1.28092447386592e-09,5.32049447372125e-07,4.29998378403985e-07,"HMCN1/PALLD/MYPN/PCDHB11/CELSR1/PCDHGA10/CDH12/CLSTN3/DCHS1/PCDHB5/PCDHB4/DSC2/CDH5/PCDHA3/CDH6/PCDHAC2/CLSTN2/CDH7/PCDHB12/KIRREL3/PCDHA4/PCDHAC1/CEACAM1/PCDH17/PCDHB16",25
"GO:0051960","regulation of nervous system development","44/669","466/18860",0.0944206008583691,2.66184235005806,6.96608535805796,3.72802726670902e-09,1.31025819858412e-06,1.05894086247897e-06,"SOX11/TNFRSF1B/RELN/SLITRK6/IL1RAPL1/PRTG/PLXND1/WNT5A/BHLHE40/DKK1/IGDCC4/SEMA6D/NRXN1/MAP2/LRRN3/BDNF/NOG/EGR2/CTSC/TRPV2/CLSTN3/ID4/FGF13/JAM2/LIF/CRABP2/NEGR1/NKX2-2/DLL1/CLSTN2/PROX1/PRKCH/SLIT2/PAX6/NEURL1/PLXNC1/PTN/GATA2/KIT/ID2/DLX2/CDON/RTN4R/EPHB3",44
"GO:0007409","axonogenesis","43/669","472/18860",0.0911016949152542,2.56827797623572,6.61714875161623,1.62328948291676e-08,4.3628292043804e-06,3.52600588611269e-06,"RELN/SLITRK6/ACTBL2/PALLD/PLXND1/WNT5A/SEMA6D/NRXN1/MAP2/CSF1R/MYPN/BDNF/PRICKLE1/NOG/BOC/TGFB2/LAMA2/CELSR1/TSKU/EGR2/KIAA1755/TRPV2/FGF13/PRDM8/NTNG1/WNT7B/GLI2/CRABP2/EPHA3/NRCAM/PCDHAC2/BRSK1/SLIT2/ATP8A2/NDP/PAX6/PLXNC1/CYFIP2/PLPPR4/PTPRO/RTN4R/EPHB3/NGFR",43
"GO:0042063","gliogenesis","35/669","357/18860",0.0980392156862745,2.7638559160585,6.45238453959256,5.99142655500912e-08,1.44078041735983e-05,1.16442794210371e-05,"MXRA8/SOX11/TNFRSF1B/NDRG1/RELN/ITGB4/CSF1R/GPC1/NOG/LPAR1/TGFB2/LAMA2/FGF5/EGR2/ID4/TSPAN2/PRDM8/LIF/NEGR1/DNER/NKX2-2/DLL1/MMP14/PRKCH/SOX2/NDP/PAX6/ARSG/GPR183/P2RY1/PTN/PTPRB/ID2/FA2H/DLX2",35
"GO:0060326","cell chemotaxis","33/669","330/18860",0.1,2.81913303437967,6.39334032350008,8.98581689812666e-08,2.05280987037704e-05,1.65906556203307e-05,"HGF/MTUS1/PPIB/EDNRB/WNT5A/NEDD9/CSF1R/PDGFD/PDGFRB/HSPB1/RARRES2/LPAR1/TGFB2/CCN3/PDGFB/CXADR/CCR3/ADAM8/DOCK4/HBEGF/GAS6/PDGFRA/PDE4B/SLIT2/PADI2/GPR183/PTN/PGF/RIPOR2/PTPRO/KIT/MMP28/HOXB9",33
"GO:0001654","eye development","39/669","432/18860",0.0902777777777778,2.5450506560372,6.23002223413278,9.70795791061202e-08,2.11217427112316e-05,1.70704342608656e-05,"SOX11/COL4A1/SLITRK6/COL5A1/EFEMP1/WNT5A/B3GLCT/WNT9A/SPRY1/PDGFRB/TBX2/PRICKLE1/CDKN1C/TGFB2/ADAMTS9/JAG1/TSKU/MFAP2/RDH10/WNT7B/PDGFRA/NES/MAF/DLL1/FOXC2/PROX1/FOS/ATP8A2/SOX2/SMOC1/NDP/BMP4/PAX6/ARSG/COL8A2/MEIS3/WT1/DLX2/CDON",39
"GO:0050878","regulation of body fluid levels","36/669","389/18860",0.0925449871465296,2.60896630431024,6.14922873181114,1.6504402706982e-07,3.13534988438167e-05,2.53396629330635e-05,"PLAT/F11R/ANGPT2/OAS2/EDNRB/PRRG4/HSPB1/PRICKLE1/WNK4/HAS2/TFPI2/PDGFB/ITGA2/PDGFA/ANGPTL2/NPR3/SCNN1A/WNK3/GAS6/PDGFRA/NEGR1/MYL9/SERPINB2/ANXA8/F3/SOCS2/DGKE/NEURL1/ENPP4/P2RY1/PROS1/EMP2/PTPRO/CEACAM1/CORO2B/KCNN4",36
"GO:0061448","connective tissue development","31/669","307/18860",0.100977198697068,2.84668156566025,6.25602148521754,1.77711395947464e-07,3.13534988438167e-05,2.53396629330635e-05,"COL5A1/EFEMP1/WNT5A/WNT9A/PDGFD/PDGFRB/ADAMTS12/NOG/SCX/COL1A1/STC1/TGFB2/CCN3/TSKU/PDGFB/CYTL1/ID4/NR1H4/WNT7B/CTSK/MAF/FOXC2/OSR1/BMP4/SERPINB7/WT1/GALNT3/ID2/ACTA2/NFATC2/DLX2",31
"GO:0050920","regulation of chemotaxis","25/669","214/18860",0.116822429906542,3.29337971306036,6.47044448517953,1.78417809135311e-07,3.13534988438167e-05,2.53396629330635e-05,"ANGPT2/MTUS1/WNT5A/NEDD9/CSF1R/PDGFD/PDGFRB/HSPB1/RARRES2/LPAR1/CCN3/PDGFB/ITGA2/NTF3/GAS6/PDGFRA/SLIT2/F3/PADI2/GPR183/PTN/PGF/RIPOR2/PTPRO/MMP28",25
"GO:0003007","heart morphogenesis","29/669","278/18860",0.10431654676259,2.94082223010829,6.2518137345134,2.22610340332636e-07,3.63252373207076e-05,2.93577847325897e-05,"NRG1/SOX11/COL5A1/TPM1/EPHB4/PLXND1/WNT5A/DKK1/TGFBR3/SPRY1/TBX2/PRICKLE1/NOG/DLC1/TGFB2/ADAMTS5/ADAMTS1/JAG1/HAS2/DCHS1/DLL1/FOXC2/PROX1/DSP/SLIT2/BMP4/EMP2/ID2/ABCC9",29
"GO:0050767","regulation of neurogenesis","35/669","378/18860",0.0925925925925926,2.61030836516636,6.06491289930957,2.42220847471121e-07,3.7822150175677e-05,3.05675784903468e-05,"SOX11/TNFRSF1B/RELN/IL1RAPL1/PRTG/PLXND1/WNT5A/BHLHE40/IGDCC4/SEMA6D/MAP2/BDNF/NOG/EGR2/TRPV2/ID4/FGF13/LIF/CRABP2/NEGR1/NKX2-2/DLL1/PROX1/PRKCH/SLIT2/PAX6/NEURL1/PLXNC1/PTN/GATA2/KIT/ID2/DLX2/CDON/RTN4R",35
"GO:0014909","smooth muscle cell migration","16/669","96/18860",0.166666666666667,4.69855505729945,6.96705268445923,2.48339791041871e-07,3.7822150175677e-05,3.05675784903468e-05,"PLAT/TPM1/SEMA6D/PDGFD/PDGFRB/LPAR1/ADAMTS1/CCN3/HAS2/PDGFB/ITGA2/PDGFA/DOCK4/SLIT2/POSTN/BMP4",16
"GO:0042060","wound healing","39/669","453/18860",0.0860927152317881,2.42706817529376,5.89584989646759,3.331572793932e-07,4.91030841789526e-05,3.96847448594684e-05,"NRG1/PLAT/F11R/ANGPT2/COL5A1/TPM1/WNT5A/PRRG4/HSPB1/NOG/TGFB2/TSKU/TFPI2/PDGFB/ITGA2/EREG/PDGFA/ANGPTL2/CASP1/HBEGF/GAS6/PDGFRA/NDNF/EPB41L4B/MYL9/FOXC2/DSP/SERPINB2/ANXA8/F3/PPL/DGKE/ENPP4/P2RY1/GATA2/PROS1/CEACAM1/MMP12/CARMIL2",39
"GO:0042692","muscle cell differentiation","38/669","441/18860",0.0861678004535147,2.42918492758339,5.82396559085445,4.61826917001038e-07,6.59402244930545e-05,5.32923955539356e-05,"NRG1/TPM1/EDNRB/DKK1/PDGFRB/MYPN/KRT19/BDNF/TBX2/PRICKLE1/SORBS2/ADAM12/LAMA2/ADAMTS5/CCN3/B4GALNT2/PDGFB/CXADR/NID1/EREG/RBM24/PDGFRA/DNER/MYL9/PTGFRN/DLL1/MMP14/NKX2-6/PROX1/TNNT1/BMP4/MYBPC2/WT1/RIPOR2/KIT/ID2/NFATC2/CDON",38
"GO:0060485","mesenchyme development","32/669","347/18860",0.0922190201729107,2.59977686167578,5.76806107336563,8.67907606475865e-07,0.000104354469841795,8.4338500928458e-05,"NRG1/HGF/EDNRB/WNT5A/VASN/DKK1/SEMA6D/TGFBR3/SPRY1/MARK1/TRIM62/TBX2/PRICKLE1/NOG/SCX/COL1A1/TGFB2/ADAMTS5/JAG1/HAS2/RANBP3L/DCHS1/ADAM8/RDH10/RBM24/EPHA3/FOXC2/OSR1/BMP4/WT1/EMP2/ACTA2",32
"GO:0048732","gland development","38/669","454/18860",0.0837004405286344,2.35962676886404,5.6235689758762,9.4635032338109e-07,0.000110868580193031,8.96031561247197e-05,"NRG1/HGF/OAS2/IGSF3/PLXND1/WNT5A/ASS1/TGFBR3/CSF1R/TBX2/NOG/STAT6/CDKN1C/TGFB2/ITGA2/ID4/PDGFA/MAFB/BCL2L11/WNT7B/PDGFRA/GLI2/RAP1GAP/PROX1/SOX2/SOCS2/BMP4/PAX6/NEURL1/INSM1/WT1/PTN/GATA2/ID2/FA2H/CEACAM1/HOXB9/EPHB3",38
"GO:0043410","positive regulation of MAPK cascade","39/669","474/18860",0.0822784810126582,2.31953983841365,5.57971673564382,1.04319678933516e-06,0.000119159153261809,9.6303535183888e-05,"NRG1/HGF/WNT5A/DKK1/NRXN1/MAP3K5/CSF1R/PDGFD/PDGFRB/LPAR1/TGFB2/TPD52L1/FGF5/ADRA1B/PDGFB/PDGFA/ADAM8/NTF3/TNFRSF19/WNT7B/DSC2/GAS6/PDGFRA/MAPK8IP2/LIF/IL11/KSR1/TENM1/RASGRF1/SOX2/GPNMB/ADRA1D/BMP4/GPR183/P2RY1/KIT/ACTA2/CDON/NPY",39
"GO:1904238","pericyte cell differentiation","6/669","12/18860",0.5,14.0956651718984,8.70221184056112,1.49945345575719e-06,0.000159325647426851,0.000128765794927692,"TGFB2/PDGFB/FOXC2/OSR1/BMP4/ACTA2",6
"GO:0034340","response to type I interferon","15/669","99/18860",0.151515151515152,4.27141368845405,6.25848440422803,2.05794436395042e-06,0.000204407560845423,0.000165200659696523,"ISG15/OAS2/USP18/WNT5A/IFIT1/IFITM1/SAMHD1/OAS1/OASL/MX1/OAS3/IRF7/IFI27/RBM47/MMP12",15
"GO:0021953","central nervous system neuron differentiation","25/669","245/18860",0.102040816326531,2.87666636161191,5.66999523153529,2.26316966135383e-06,0.000220008982611184,0.000177809611915549,"WNT5A/DKK1/NRXN1/MAP2/CSF1R/LYPD6/TSKU/LHX8/MDGA2/ID4/PRDM8/GLI2/GABRB1/NDNF/NKX2-2/BRSK1/PROX1/SLIT2/PAX6/GATA2/TOX/DLX2/CDON/EPHB3/NPY",25
"GO:0048525","negative regulation of viral process","13/669","76/18860",0.171052631578947,4.82220124301786,6.40280695415388,2.44471309622987e-06,0.000228939190079597,0.000185026938705746,"RSAD2/ISG15/OAS2/IFIT1/IFITM1/TRIM14/TRIM62/OAS1/OASL/MX1/OAS3/PROX1/PTX3",13
"GO:0045664","regulation of neuron differentiation","22/669","199/18860",0.110552763819095,3.11662948524386,5.75636104672554,2.45524629325897e-06,0.000228939190079597,0.000185026938705746,"SOX11/RELN/NREP/EDNRB/DKK1/JAG1/ID4/RAP1GAP/NRCAM/NKX2-2/DLL1/GPRC5B/PROX1/SOX2/GDPD5/SOCS2/BMP4/PAX6/GATA2/ID2/DLX2/CDON",22
"GO:0001503","ossification","37/669","455/18860",0.0813186813186813,2.29248180817688,5.35187952688362,2.5985289750938e-06,0.000229745912859237,0.000185678926014031,"SOX11/HGF/ISG15/WNT5A/IFITM1/DKK1/ADAMTS12/PRICKLE1/NOG/SCX/COL1A1/STC1/CCN3/JAG1/EGR2/RANBP3L/SNX10/ID4/DCHS1/WNT7B/GLI2/FOXC2/MMP14/OSR1/MN1/SOX2/SMOC1/NOTUM/KAZALD1/ANKH/COL13A1/BMP4/PHEX/GALNT3/PTN/PTPRB/ID2",37
"GO:0014910","regulation of smooth muscle cell migration","14/669","89/18860",0.157303370786517,4.43459129003544,6.22831350590049,2.84606570836487e-06,0.000245352343802247,0.000198291926612591,"TPM1/SEMA6D/PDGFD/PDGFRB/LPAR1/ADAMTS1/HAS2/PDGFB/ITGA2/PDGFA/DOCK4/SLIT2/POSTN/BMP4",14
"GO:0032963","collagen metabolic process","16/669","116/18860",0.137931034482759,3.88845935776506,5.98422921706115,3.37524873258349e-06,0.000285583545540259,0.00023080648253222,"COL5A1/TNS2/SCX/COL1A1/ITGA2/ADAMTS14/MFAP4/CTSK/MMP14/MMP1/RCN3/BMP4/SERPINB7/VSIR/MMP28/MMP12",16
"GO:0007219","Notch signaling pathway","21/669","191/18860",0.109947643979058,3.09957035193576,5.59281803322411,4.51591400460627e-06,0.000366762482051487,0.000296414691003816,"LFNG/KRT19/TBX2/SORBS2/ANXA4/TGFB2/CCN3/JAG1/NR1H4/DTX4/DNER/CDH6/DLL1/FOXC2/MMP14/PRAG1/POSTN/NEURL1/GATA2/KIT/DLX2",21
"GO:0010975","regulation of neuron projection development","36/669","448/18860",0.0803571428571429,2.26537475976938,5.19818573979422,4.64089190320332e-06,0.000366762482051487,0.000296414691003816,"RELN/ZNF804A/STMN3/IL1RAPL1/DPYSL3/PLXND1/WNT5A/LZTS1/DKK1/SEMA6D/MAP2/MARK1/BDNF/LPAR1/MAGI2/TSKU/TRPV2/FGF13/NTNG1/NDNF/CRABP2/EPHA3/NEGR1/NRCAM/BRSK1/PRAG1/SLIT2/ATP8A2/STX1B/PLXNC1/CD38/PTN/PTPRO/TOX/RTN4R/EPHB3",36
"GO:0050900","leukocyte migration","33/669","397/18860",0.0831234256926952,2.34335995301081,5.18776886217177,5.68507431824686e-06,0.000419743493103069,0.000339233547316714,"F11R/MTUS1/PPIB/EDNRB/WNT5A/NEDD9/CSF1R/PDGFD/RARRES2/TGFB2/CCN3/PDGFB/CXADR/ITGA2/JAM2/BDKRB1/ADAM8/IL27RA/GAS6/PDE4B/MMP14/SLIT2/PADI2/GPR183/PTN/PGF/EMP2/RIPOR2/PTPRO/KIT/MMP28/DOCK8/CD177",33
"GO:0001763","morphogenesis of a branching structure","22/669","214/18860",0.102803738317757,2.89817414749312,5.35542822438577,8.05830460903378e-06,0.00055785445088902,0.00045085378897114,"COL4A1/HGF/PLXND1/WNT5A/SPRY1/TBX2/NOG/CELSR1/PDGFA/DCHS1/FGF13/RDH10/GLI2/FOXC2/MMP14/PROX1/SLIT2/HOXD11/COL13A1/BMP4/WT1/DLX2",22
"GO:0040036","regulation of fibroblast growth factor receptor signaling pathway","9/669","41/18860",0.219512195121951,6.18834080717489,6.37773184775895,1.06645327642581e-05,0.000706177539128915,0.000570727397971279,"WNT5A/NRXN1/SPRY1/GPC1/SHISA2/NOG/SPRY4/FGFBP1/NGFR",9
"GO:0007517","muscle organ development","31/669","373/18860",0.0831099195710456,2.34297919747372,5.02382592892639,1.09087736442213e-05,0.000712031239720676,0.000575458314946293,"NRG1/SOX11/TPM1/ASS1/TGFBR3/GPC1/NOG/SCX/TGFB2/LAMA2/B4GALNT2/EGR2/HBEGF/RBM24/LIF/MKX/NEGR1/DNER/DLL1/FOXC2/SGCA/COL6A3/PROX1/DSP/FOS/BMP4/NEURL1/WT1/RIPOR2/ABCC9/CDON",31
"GO:0008217","regulation of blood pressure","21/669","203/18860",0.103448275862069,2.9163445183238,5.26435058838572,1.16990545562928e-05,0.000752858877009887,0.000608454905611198,"TPM1/EDNRB/RARRES2/ENPEP/WNK4/PDGFB/BDKRB1/NPR3/GUCY1A1/SCNN1A/GAS6/DLL1/POSTN/PTGS2/EMP2/PTPRO/ID2/ACTA2/CORO2B/ABCC9/NPY",21
"GO:0050803","regulation of synapse structure or activity","28/669","329/18860",0.0851063829787234,2.39926215691887,4.91011554349364,1.87552940505397e-05,0.00112753866469626,0.000911268303729825,"RELN/ZNF804A/SLITRK6/IL1RAPL1/ELMO1/WNT5A/LZTS1/DKK1/NRXN1/NEDD9/MARK1/LRRN3/BDNF/PRICKLE1/CLSTN3/DOCK4/NEGR1/NRCAM/CLSTN2/CTTNBP2/STX1B/NEURL1/PLXNC1/CYFIP2/PLPPR4/PTPRO/RTN4R/EPHB3",28
"GO:0002064","epithelial cell development","22/669","226/18860",0.0973451327433628,2.74428879452888,5.05898820738995,1.91149824959816e-05,0.00113423837693688,0.00091668296098296,"F11R/EDNRB/PALLD/WNT5A/SCX/STC1/MAGI2/JAG1/PDGFB/PDE4D/WNT7B/CDH5/NKX2-2/EPAS1/DLL1/FOXC2/PROX1/BMP4/PAX6/INSM1/GATA2/ACTA2",22
"GO:0003093","regulation of glomerular filtration","5/669","11/18860",0.454545454545455,12.8142410653621,7.51626555802715,2.1396137942328e-05,0.00122198692823121,0.000987600682916927,"PDGFB/GAS6/EMP2/PTPRO/CORO2B",5
"GO:0071675","regulation of mononuclear cell migration","17/669","150/18860",0.113333333333333,3.19501743896363,5.17595882642108,2.43107634202711e-05,0.00130668432548643,0.00105605248500913,"MTUS1/WNT5A/NEDD9/CSF1R/PDGFD/RARRES2/CCN3/JAM2/ADAM8/IL27RA/GAS6/MMP14/SLIT2/PADI2/RIPOR2/MMP28/DOCK8",17
"GO:0009615","response to virus","34/669","445/18860",0.0764044943820225,2.15394434087436,4.72414378866576,2.43860631133452e-05,0.00130668432548643,0.00105605248500913,"RSAD2/IFI6/ISG15/OAS2/TPT1/IFI44L/DDIT4/USP18/MX2/IFIT1/IFITM1/SAMHD1/HSPB1/IFIT3/OAS1/OASL/MX1/CXADR/OAS3/IFI44/RIGI/CASP1/DTX4/GLI2/IRF7/CHRM2/IRF9/POU2F2/IFI27/IL12RB1/SPON2/ACTA2/MMP12/ABCC9",34
"GO:0003012","muscle system process","36/669","485/18860",0.0742268041237113,2.09255235541584,4.67459031868655,2.62494123208146e-05,0.00136782987626191,0.00110546986117584,"TNFRSF1B/TPM1/LMCD1/EDNRB/PDGFRB/CLIC2/TBX2/SORBS2/STC1/RCSD1/ADRA1B/PDGFB/HTR1D/ITGA2/FGF13/PDE4D/NPR3/GUCY1A1/DOCK4/DSC2/PTGER3/CHRM2/MYL9/PDE4B/SGCA/DSP/ATP8A2/TNNT1/CD38/SCN4B/FGF12/P2RY1/KIT/ACTA2/ADGRD1/ABCC9",36
"GO:0048706","embryonic skeletal system development","16/669","136/18860",0.117647058823529,3.3166270992702,5.19960523655376,2.63447207509407e-05,0.00136782987626191,0.00110546986117584,"SOX11/WNT5A/WNT9A/NOG/SCX/COL1A1/RDH10/PDGFRA/FOXC2/MMP14/OSR1/HOXD11/BMP4/HOXB6/HOXB9/DLX2",16
"GO:1901888","regulation of cell junction assembly","25/669","285/18860",0.087719298245614,2.47292371436813,4.80487811528485,3.15079139509573e-05,0.00159955176491027,0.0012927457560229,"F11R/SLITRK6/IL1RAPL1/ELMO1/WNT5A/LZTS1/DKK1/NRXN1/MARK1/LRRN3/BDNF/PRICKLE1/DLC1/COL16A1/CLSTN3/DOCK4/EPHA3/NEGR1/MMP14/CLSTN2/PRKCH/NEURL1/CYFIP2/RTN4R/EPHB3",25
"GO:0050807","regulation of synapse organization","27/669","322/18860",0.0838509316770186,2.36386931454196,4.73383762909251,3.41566863331126e-05,0.00171496593248342,0.00138602262182254,"RELN/ZNF804A/SLITRK6/IL1RAPL1/ELMO1/WNT5A/LZTS1/DKK1/NRXN1/NEDD9/MARK1/LRRN3/BDNF/PRICKLE1/CLSTN3/DOCK4/NEGR1/NRCAM/CLSTN2/CTTNBP2/NEURL1/PLXNC1/CYFIP2/PLPPR4/PTPRO/RTN4R/EPHB3",27
"GO:0050673","epithelial cell proliferation","36/669","496/18860",0.0725806451612903,2.04614494430783,4.5278617604272,4.19980424793029e-05,0.00201767133481086,0.00163066686077029,"SOX11/HGF/EDNRB/WNT5A/TGFBR3/TBX2/NOG/STAT6/CDKN1C/TGFB2/CCN3/JAG1/HAS2/PDGFB/CCR3/EREG/RAP1GAP/MMP14/OSR1/NKX2-6/PROX1/RASGRF1/F3/BMP4/PAX6/COL8A2/PTN/GATA2/KIT/ID2/FA2H/CEACAM1/MMP12/VASH2/FGFBP1/NGFR",36
"GO:0043583","ear development","22/669","238/18860",0.092436974789916,2.60592129228373,4.78127447762876,4.23548056949755e-05,0.00201767133481086,0.00163066686077029,"SLITRK6/WNT5A/TBX2/NOG/TGFB2/JAG1/TSKU/CYTL1/DCHS1/MAFB/BCL2L11/RDH10/MAF/DLL1/OSR1/PROX1/ATP8A2/SOX2/BMP4/LRIG1/GATA2/PLPPR4",22
"GO:0008544","epidermis development","31/669","402/18860",0.0771144278606965,2.17395831009378,4.56265343470684,4.64260550487517e-05,0.00216449638283415,0.00174932976488744,"SLITRK6/PALLD/WNT5A/DKK1/TRIM16/TGFB2/JAG1/EREG/PDGFA/KRT80/MAFB/COL7A1/TNFRSF19/LAMC2/GLI2/LAMA3/CRABP2/DLL1/DSP/PRKCH/LDB2/HOXC13/PPL/BMP4/PAX6/KRT16/SFRP4/KRT15/FA2H/KRT34/NGFR",31
"GO:0071774","response to fibroblast growth factor","15/669","128/18860",0.1171875,3.30367152466368,5.01507655121448,4.89142558101219e-05,0.00225746701814593,0.00182446793601178,"WNT5A/NRXN1/SPRY1/GPC1/SHISA2/TBX2/NOG/COL1A1/SPRY4/FGF5/NDNF/POSTN/GALNT3/FGFBP1/NGFR",15
"GO:0031346","positive regulation of cell projection organization","29/669","367/18860",0.0790190735694823,2.22765280645805,4.55458708662089,5.24419626130457e-05,0.00239607327179006,0.0019364884720691,"RELN/ZNF804A/IL1RAPL1/EPS8L2/DPYSL3/PLCE1/PLXND1/WNT5A/NEDD9/BDNF/LPAR1/MAGI2/TRPV2/ITGA2/NDNF/CRABP2/EPHA3/NEGR1/TENM1/SLIT2/ATP8A2/NEURL1/PLXNC1/PTN/RIPOR2/KIT/MNS1/CARMIL2/TOX",29
"GO:0038179","neurotrophin signaling pathway","8/669","39/18860",0.205128205128205,5.78283699359933,5.7337748858408,5.58061357230858e-05,0.00246791547135116,0.00199455079966822,"DDIT4/SPRY1/BDNF/MAGI2/NTF3/GFRA1/CYFIP2/DOCK3",8
"GO:0003229","ventricular cardiac muscle tissue development","10/669","62/18860",0.161290322580645,4.5469887651285,5.3646814271543,5.98843805704861e-05,0.00260582604596715,0.00210600909314552,"NRG1/TPM1/TGFBR3/NOG/TGFB2/ADAMTS9/FOXC2/PROX1/DSP/ID2",10
"GO:0060759","regulation of response to cytokine stimulus","20/669","210/18860",0.0952380952380952,2.68488860417112,4.70853197966946,6.15575851844212e-05,0.00262856641782823,0.00212438769136202,"ISG15/USP18/WNT5A/TNFRSF11B/TSLP/CARD16/SAMHD1/ANXA4/OAS1/IRAK2/OAS3/RIGI/NR1H4/CASP1/GAS6/IRF7/SLIT2/RBM47/PADI2/MMP12",20
"GO:0051607","defense response to virus","27/669","334/18860",0.0808383233532934,2.27893987809135,4.52247979129804,6.41356888169985e-05,0.00271329594634135,0.00219286546169621,"RSAD2/IFI6/ISG15/OAS2/IFI44L/DDIT4/USP18/MX2/IFIT1/IFITM1/SAMHD1/IFIT3/OAS1/OASL/MX1/CXADR/OAS3/RIGI/CASP1/DTX4/IRF7/IRF9/IFI27/IL12RB1/SPON2/MMP12/ABCC9",27
"GO:0014706","striated muscle tissue development","32/669","430/18860",0.0744186046511628,2.09795946744534,4.41674138161039,6.94824202065855e-05,0.00282894710119182,0.00228633385883837,"NRG1/SOX11/TPM1/DKK1/TGFBR3/PDGFRB/GPC1/TBX2/PRICKLE1/NOG/SORBS2/SCX/TGFB2/ADAMTS9/B4GALNT2/EGR2/CXADR/RBM24/PDGFRA/DNER/DLL1/FOXC2/NKX2-6/PROX1/DSP/FOS/BMP4/NEURL1/WT1/ID2/ABCC9/CDON",32
"GO:0060560","developmental growth involved in morphogenesis","22/669","246/18860",0.0894308943089431,2.52117588440458,4.60544110420602,6.95583805999655e-05,0.00282894710119182,0.00228633385883837,"KIF26B/WNT5A/SEMA6D/SPRY1/MAP2/BDNF/TBX2/PRICKLE1/SYT1/TRPV2/CLSTN3/FGF13/RDH10/SH3GL2/WNT7B/CRABP2/NRCAM/SLIT2/POSTN/BMP4/CYFIP2/RTN4R",22
"GO:0010720","positive regulation of cell development","33/669","451/18860",0.0731707317073171,2.0627802690583,4.3808739475655,7.44991098868629e-05,0.00295988202672241,0.0023921544849713,"F11R/SOX11/TNFRSF1B/RELN/IL1RAPL1/PLXND1/NEDD9/BDNF/EGR2/TRPV2/ID4/ADAM8/GAS6/CDH5/GLI2/LIF/CRABP2/NKX2-2/MMP14/FOS/PRKCH/SLIT2/IL12RB1/BMP4/PAX6/NEURL1/PLXNC1/VSIR/PTN/KIT/ID2/TOX/CDON",33
"GO:0070482","response to oxygen levels","28/669","357/18860",0.0784313725490196,2.2110847328468,4.43028499959296,7.99383288085573e-05,0.00309523918920592,0.00250154912988777,"PLAT/ANGPT2/NDRG1/DDIT4/VASN/TGFBR3/SOD3/PDK3/LPAR1/COL1A1/STC1/TGFB2/ITGA2/ADAM8/GUCY1A1/NDNF/LIF/EPAS1/MMP14/FOS/SOX2/POSTN/NDP/PTGS2/CD38/PGF/ABCC9/FMN2",28
"GO:0001959","regulation of cytokine-mediated signaling pathway","19/669","198/18860",0.095959595959596,2.70522866935423,4.6257294747865,8.43297213049514e-05,0.00318287646892808,0.00257237692297052,"ISG15/USP18/WNT5A/TNFRSF11B/TSLP/CARD16/SAMHD1/ANXA4/OAS1/IRAK2/OAS3/NR1H4/CASP1/GAS6/IRF7/SLIT2/RBM47/PADI2/MMP12",19
"GO:0061138","morphogenesis of a branching epithelium","19/669","199/18860",0.0954773869346734,2.69163455543788,4.60054975521405,9.0211487250751e-05,0.00327704217739948,0.00264848094327156,"COL4A1/HGF/PLXND1/WNT5A/SPRY1/TBX2/NOG/CELSR1/PDGFA/DCHS1/RDH10/GLI2/FOXC2/MMP14/PROX1/SLIT2/HOXD11/BMP4/WT1",19
"GO:0051216","cartilage development","20/669","216/18860",0.0925925925925926,2.61030836516636,4.56468149533015,9.11241861330437e-05,0.00327831816095966,0.00264951218362799,"EFEMP1/WNT5A/WNT9A/ADAMTS12/NOG/SCX/COL1A1/STC1/TGFB2/CCN3/TSKU/CYTL1/WNT7B/CTSK/MAF/OSR1/BMP4/GALNT3/NFATC2/DLX2",20
"GO:0032970","regulation of actin filament-based process","30/669","402/18860",0.0746268656716418,2.1038306226714,4.29009832679997,0.000110520565538069,0.00384365093603253,0.00310640989819311,"F11R/PPM1E/TPM1/NEDD9/CSF1R/PDGFRB/SIGLEC15/DLC1/LPAR1/STC1/TGFB2/CELSR1/PDGFA/FGF13/PDE4D/DSC2/PDGFRA/EPHA3/TENM1/PDE4B/PROX1/DSP/SLIT2/RND3/CYRIA/SPTA1/CYFIP2/ACTA2/CARMIL2/CORO2B",30
"GO:0030324","lung development","19/669","203/18860",0.0935960591133005,2.63859742134058,4.50135725423046,0.000117526172877488,0.00389113828896554,0.00314478882116117,"SOX11/WNT5A/SPRY1/TBX2/NOG/CELSR1/PDGFA/RDH10/WNT7B/PDGFRA/GLI2/LIF/EPAS1/MMP14/PROX1/RCN3/BMP4/PHEX/MMP12",19
"GO:0018212","peptidyl-tyrosine modification","14/669","123/18860",0.113821138211382,3.20876930742402,4.71299510123146,0.000118879095062955,0.0039076157218895,0.00315810575903707,"NRG1/EFEMP1/NEDD9/CSF1R/PDGFRB/GPRC5A/PDGFB/TPST2/PDGFRA/LIF/IL11/EPHA3/GPRC5B/KIT",14
"GO:0060325","face morphogenesis","7/669","33/18860",0.212121212121212,5.97997916383567,5.49083048898034,0.000130739704207584,0.00420668808820036,0.00339981380548706,"DKK1/PRICKLE1/NOG/SCX/COL1A1/TGFB2/PDGFRA",7
"GO:0035051","cardiocyte differentiation","17/669","172/18860",0.0988372093023256,2.78635241770084,4.51329847155891,0.00013705504021709,0.00437905229896424,0.00353911726964706,"NRG1/DKK1/TGFBR3/SPRY1/PDGFRB/TBX2/PRICKLE1/SORBS2/TGFB2/JAG1/CXADR/PDGFRA/DLL1/NKX2-6/PROX1/BMP4/WT1",17
"GO:0031589","cell-substrate adhesion","28/669","369/18860",0.0758807588075881,2.13917953828268,4.23808108555974,0.000140327341415633,0.00445246960366687,0.00359845258542428,"ABI3BP/ANGPT2/ITGB4/NEDD9/ADAMTS12/DLC1/COL1A1/SPRY4/ADAMTS9/JAG1/COL16A1/HAS2/PDGFB/NID1/ITGA2/BCL2L11/GAS6/NDNF/EPHA3/MMP14/POSTN/COL13A1/EMP2/PTPRO/MMP12/CORO2B/EPHB3/NPY",28
"GO:0010812","negative regulation of cell-substrate adhesion","10/669","69/18860",0.144927536231884,4.08570004982561,4.92433294462422,0.000151569185683293,0.00459578853940043,0.00371428187584908,"ANGPT2/DLC1/COL1A1/SPRY4/JAG1/MMP14/POSTN/PTPRO/MMP12/CORO2B",10
"GO:0035904","aorta development","10/669","69/18860",0.144927536231884,4.08570004982561,4.92433294462422,0.000151569185683293,0.00459578853940043,0.00371428187584908,"PLXND1/PDGFRB/TBX2/PRICKLE1/TGFB2/ADAMTS9/JAG1/EGR2/PROX1/NGFR",10
"GO:0003177","pulmonary valve development","6/669","24/18860",0.25,7.04783258594918,5.68532299436836,0.000151689836591996,0.00459578853940043,0.00371428187584908,"TNFRSF1B/TGFB2/ADAMTS5/JAG1/SLIT2/BMP4",6
"GO:0098801","regulation of renal system process","6/669","24/18860",0.25,7.04783258594918,5.68532299436836,0.000151689836591996,0.00459578853940043,0.00371428187584908,"STC1/PDGFB/GAS6/EMP2/PTPRO/CORO2B",6
"GO:0007596","blood coagulation","21/669","243/18860",0.0864197530864197,2.4362878074886,4.32149349333488,0.000163300698093251,0.00477355068728614,0.00385794791236129,"PLAT/F11R/ANGPT2/PRRG4/HSPB1/TFPI2/PDGFB/ITGA2/PDGFA/ANGPTL2/GAS6/PDGFRA/MYL9/SERPINB2/ANXA8/F3/DGKE/ENPP4/P2RY1/PROS1/CEACAM1",21
"GO:0048146","positive regulation of fibroblast proliferation","9/669","57/18860",0.157894736842105,4.45126268586264,5.00433037353121,0.000165141817371374,0.00477355068728614,0.00385794791236129,"WNT5A/PDGFD/PDGFB/EREG/PDGFA/GAS6/PDGFRA/LIF/NGFR",9
"GO:0042325","regulation of phosphorylation","31/669","431/18860",0.0719257540603248,2.02768269294129,4.13895681386102,0.000166037926294133,0.00477355068728614,0.00385794791236129,"NRG1/PPM1E/WNT5A/NEDD9/CSF1R/PDGFRB/GPRC5A/HSPB1/RARRES2/CDKN1C/TPD52L1/PDGFB/EREG/PDGFA/WNK3/ADCY8/GAS6/LIF/IL11/KSR1/TENM1/GPRC5B/LCP2/SLIT2/LDB2/BMP4/INSM1/EMP2/KIT/CEACAM1/CIMAP3",31
"GO:0042633","hair cycle","14/669","127/18860",0.110236220472441,3.10770570719019,4.57037954795421,0.000167573767002387,0.00477355068728614,0.00385794791236129,"WNT5A/DKK1/TGFB2/TSKU/PDGFA/TNFRSF19/GLI2/LDB2/HOXC13/MPZL3/LRIG1/KRT16/FA2H/NGFR",14
"GO:0030193","regulation of blood coagulation","10/669","70/18860",0.142857142857143,4.02733290625667,4.8661995445566,0.000171299344292808,0.00477355068728614,0.00385794791236129,"PLAT/ANGPT2/PDGFB/PDGFA/PDGFRA/SERPINB2/F3/ENPP4/PROS1/CEACAM1",10
"GO:0070234","positive regulation of T cell apoptotic process","5/669","16/18860",0.3125,8.80979073243647,5.99317477097286,0.00017447646416651,0.00477355068728614,0.00385794791236129,"WNT5A/TGFB2/BCL2L11/ADAM8/CD274",5
"GO:0099173","postsynapse organization","21/669","245/18860",0.0857142857142857,2.416399743754,4.27938602050448,0.000182947982392093,0.00491699606793807,0.00397387939462205,"RELN/ZNF804A/ACTBL2/IL1RAPL1/ELMO1/WNT5A/LZTS1/NRXN1/NEDD9/MARK1/PRICKLE1/DOCK4/SH3GL2/NRCAM/CSMD2/NEURL1/CYFIP2/PLPPR4/FRRS1L/RTN4R/EPHB3",21
"GO:0050817","coagulation","21/669","248/18860",0.0846774193548387,2.38716910169246,4.2169924872298,0.000216326540857552,0.00551113511925937,0.00445405812589692,"PLAT/F11R/ANGPT2/PRRG4/HSPB1/TFPI2/PDGFB/ITGA2/PDGFA/ANGPTL2/GAS6/PDGFRA/MYL9/SERPINB2/ANXA8/F3/DGKE/ENPP4/P2RY1/PROS1/CEACAM1",21
"GO:0060071","Wnt signaling pathway, planar cell polarity pathway","8/669","47/18860",0.170212765957447,4.79852431383774,5.00010257780336,0.000222182089346154,0.00553992279878006,0.00447732411287059,"WNT5A/DKK1/PRICKLE1/MAGI2/CELSR1/DAAM1/DACT1/WNT7B",8
"GO:0060173","limb development","18/669","196/18860",0.0918367346938776,2.58899972545072,4.28838331055425,0.000223100414746231,0.00553992279878006,0.00447732411287059,"ITGB4/WNT5A/B3GLCT/DKK1/FRAS1/TBX2/PRICKLE1/NOG/SCX/TGFB2/BCL2L11/RDH10/CRABP2/OSR1/SMOC1/HOXC13/BMP4/GALNT3",18
"GO:0001934","positive regulation of protein phosphorylation","20/669","231/18860",0.0865800865800866,2.44080782197374,4.2253372498798,0.00022618323645133,0.0055861146343034,0.00451465600837136,"NRG1/WNT5A/NEDD9/CSF1R/PDGFRB/RARRES2/TPD52L1/PDGFB/EREG/PDGFA/WNK3/ADCY8/GAS6/LIF/IL11/TENM1/GPRC5B/LCP2/BMP4/KIT",20
"GO:0006937","regulation of muscle contraction","17/669","181/18860",0.0939226519337017,2.64780450742842,4.27181331512534,0.000253341563178453,0.00612443175747275,0.00494971987541082,"TPM1/CLIC2/STC1/ADRA1B/ITGA2/FGF13/PDE4D/GUCY1A1/DOCK4/DSC2/CHRM2/MYL9/PDE4B/DSP/TNNT1/KIT/ADGRD1",17
"GO:0055010","ventricular cardiac muscle tissue morphogenesis","8/669","48/18860",0.166666666666667,4.69855505729945,4.92016111014187,0.000258438017304871,0.0061822162359474,0.00499642085811786,"NRG1/TPM1/TGFBR3/NOG/TGFB2/FOXC2/PROX1/DSP",8
"GO:0010721","negative regulation of cell development","23/669","288/18860",0.0798611111111111,2.25139096495599,4.10396854676076,0.000260930808746815,0.00620846284443554,0.00501763317051523,"SOX11/PRTG/EDNRB/WNT5A/TNFRSF11B/TSC22D1/IGDCC4/SEMA6D/MAP2/NOG/ID4/MAFB/FGF13/NEGR1/PROX1/BMP4/PAX6/PTN/GATA2/ID2/CEACAM1/DLX2/RTN4R",23
"GO:0003158","endothelium development","15/669","149/18860",0.100671140939597,2.83805339031511,4.31963308934052,0.000272863520337927,0.00633260456131774,0.00511796357629854,"NRG1/F11R/EDNRB/ADAMTS12/STC1/JAG1/PDE4D/CDH5/DLL1/FOXC2/SLC40A1/PROX1/NDP/BMP4/CEACAM1",15
"GO:0001660","fever generation","4/669","10/18860",0.4,11.2765321375187,6.23354371788165,0.000277741049690361,0.00633260456131774,0.00511796357629854,"EDNRB/PTGER3/PTGES/PTGS2",4
"GO:0001704","formation of primary germ layer","14/669","135/18860",0.103703703703704,2.92354536898633,4.30132746707899,0.000318264099797976,0.00695764914821508,0.00562311992994862,"ITGB4/COL5A1/WNT5A/COL4A2/DKK1/NOG/SCX/ITGA2/COL7A1/LAMA3/FOXC2/MMP14/SOX2/BMP4",14
"GO:0050818","regulation of coagulation","10/669","76/18860",0.131578947368421,3.7093855715522,4.53866023164221,0.000340690577975551,0.00715941720434295,0.00578618736170188,"PLAT/ANGPT2/PDGFB/PDGFA/PDGFRA/SERPINB2/F3/ENPP4/PROS1/CEACAM1",10
"GO:0051966","regulation of synaptic transmission, glutamatergic","10/669","76/18860",0.131578947368421,3.7093855715522,4.53866023164221,0.000340690577975551,0.00715941720434295,0.00578618736170188,"RELN/DKK1/NRXN1/SYT1/KMO/CACNG8/GRM8/MAPK8IP2/PLPPR4/FRRS1L",10
"GO:0001894","tissue homeostasis","22/669","275/18860",0.08,2.25530642750374,4.02141523538125,0.000343846590538891,0.00715941720434295,0.00578618736170188,"F11R/NT5E/CSF1R/SIGLEC15/PRICKLE1/SCX/LAMA2/CYTL1/CXADR/SNX10/JAM2/ADAM8/SH3GL2/WNK3/CDH5/CTSK/LDB2/NDP/ANKH/ILDR2/CD38/GATA2",22
"GO:0060249","anatomical structure homeostasis","22/669","275/18860",0.08,2.25530642750374,4.02141523538125,0.000343846590538891,0.00715941720434295,0.00578618736170188,"F11R/NT5E/CSF1R/SIGLEC15/PRICKLE1/SCX/LAMA2/CYTL1/CXADR/SNX10/JAM2/ADAM8/SH3GL2/WNK3/CDH5/CTSK/LDB2/NDP/ANKH/ILDR2/CD38/GATA2",22
"GO:0051147","regulation of muscle cell differentiation","16/669","169/18860",0.0946745562130177,2.66900168935353,4.1795349578386,0.000348467012656037,0.0072042795512463,0.00582244477445761,"NRG1/DKK1/BDNF/LAMA2/CCN3/PDGFB/NID1/EREG/RBM24/DLL1/MMP14/PROX1/BMP4/KIT/ID2/NFATC2",16
"GO:0140888","interferon-mediated signaling pathway","13/669","121/18860",0.107438016528926,3.02882061544923,4.29345812002669,0.000365388833108446,0.00752009720032654,0.00607768623302243,"ISG15/OAS2/USP18/WNT5A/IFITM1/SAMHD1/OAS1/OASL/OAS3/IRF7/IFI27/RBM47/MMP12",13
"GO:0032102","negative regulation of response to external stimulus","31/669","452/18860",0.0685840707964602,1.93347619614535,3.85223936266544,0.000379987445634952,0.00768213557126592,0.00620864443077509,"PLAT/ANGPT2/TNFRSF1B/HGF/ISG15/USP18/NT5E/WNT5A/CARD16/SAMHD1/OAS1/CCN3/PDGFB/PDGFA/OAS3/NR1H4/DTX4/PDGFRA/CDH5/FRK/SLIT2/SERPINB2/HLA-F/PADI2/PROS1/PTPRO/MMP28/CEACAM1/MMP12/RTN4R/NPY",31
"GO:0030100","regulation of endocytosis","24/669","318/18860",0.0754716981132075,2.12764757311673,3.88913271399985,0.000444072406927622,0.00867079840706113,0.00700767432974403,"NRG1/SGIP1/WNT5A/HFE/DKK1/LPAR1/MAGI2/ITGA2/DYSF/NTF3/SH3GL2/GAS6/USP6/RAP1GAP/EPHA3/DLL1/STX1B/H1-1/CD22/SFRP4/GATA2/ABCA13/PTX3/CD177",24
"GO:0031345","negative regulation of cell projection organization","17/669","192/18860",0.0885416666666667,2.49610737419033,3.99584454483753,0.000504661461525664,0.00960749257379482,0.00776470353961416,"STMN3/DPYSL3/WNT5A/DKK1/SEMA6D/NRXN1/MAP2/LPAR1/TSKU/FGF13/RAP1GAP/PRAG1/SLIT2/STX1B/CD38/PTPRO/RTN4R",17
"GO:0035249","synaptic transmission, glutamatergic","12/669","110/18860",0.109090909090909,3.07541785568691,4.18644468777317,0.000529197689397969,0.00982887903601349,0.00794362642023138,"RELN/DKK1/NRXN1/SYT1/GRIA4/CLSTN3/KMO/CACNG8/GRM8/MAPK8IP2/PLPPR4/FRRS1L",12
"GO:0051546","keratinocyte migration","5/669","20/18860",0.25,7.04783258594918,5.18941510347014,0.000550443370400917,0.0100599030374472,0.00813033828785859,"IQSEC1/HAS2/HBEGF/EPB41L4B/KRT16",5
"GO:2000177","regulation of neural precursor cell proliferation","11/669","96/18860",0.114583333333333,3.23025660189337,4.20118532900783,0.000588755538826732,0.0105937911428121,0.00856182265588113,"WNT5A/ID4/NES/PROX1/PAX6/INSM1/PTN/GATA2/ID2/TOX/CDON",11
"GO:0001974","blood vessel remodeling","8/669","54/18860",0.148148148148148,4.17649338426618,4.48271079929829,0.000591249013223262,0.0105937911428121,0.00856182265588113,"TGFB2/JAG1/NPR3/LIF/EPAS1/FOXC2/NDP/CEACAM1",8
"GO:0060324","face development","8/669","54/18860",0.148148148148148,4.17649338426618,4.48271079929829,0.000591249013223262,0.0105937911428121,0.00856182265588113,"WNT5A/DKK1/PRICKLE1/NOG/SCX/COL1A1/TGFB2/PDGFRA",8
"GO:0051549","positive regulation of keratinocyte migration","4/669","12/18860",0.333333333333333,9.3971101145989,5.57997093744917,0.000618531756888918,0.0108421966586623,0.00876258213327513,"IQSEC1/HAS2/HBEGF/EPB41L4B",4
"GO:0042698","ovulation cycle","9/669","68/18860",0.132352941176471,3.73120548667898,4.32679613305136,0.00064004008216734,0.0111191754198577,0.00898643429354825,"TGFB2/ADAMTS1/HAS2/EREG/PDGFRA/GABRB1/SLIT2/PTN/PTX3",9
"GO:0051048","negative regulation of secretion","16/669","179/18860",0.0893854748603352,2.51989544972485,3.91817899687531,0.000658361693222678,0.0113941461224789,0.00920866355592167,"NRG1/RSAD2/TNFRSF1B/IL1RAPL1/ACVR1C/WNK4/CCN3/WNK3/STXBP6/PTGER3/LIF/IL11/PLA2R1/HLA-F/P2RY1/CEACAM1",16
"GO:0003094","glomerular filtration","6/669","31/18860",0.193548387096774,5.4563865181542,4.76205243486124,0.000671737844877812,0.0114521276613684,0.00925552380138007,"PDGFB/GAS6/EMP2/JCHAIN/PTPRO/CORO2B",6
"GO:0003309","type B pancreatic cell differentiation","6/669","31/18860",0.193548387096774,5.4563865181542,4.76205243486124,0.000671737844877812,0.0114521276613684,0.00925552380138007,"WNT5A/NKX2-2/DLL1/BMP4/PAX6/INSM1",6
"GO:0033002","muscle cell proliferation","20/669","252/18860",0.0793650793650794,2.2374071701426,3.79233899831387,0.000694598557123419,0.0117541511388774,0.0094996169137971,"NRG1/HGF/TPM1/TGFBR3/MAP3K5/PDGFD/PDGFRB/TBX2/NOG/TGFB2/ADAMTS1/CCN3/PDGFB/ITGA2/EREG/HBEGF/FOXC2/FOS/BMP4/ID2",20
"GO:0035567","non-canonical Wnt signaling pathway","9/669","69/18860",0.130434782608696,3.67713004484305,4.27231404997028,0.000713310716639949,0.0119381562795895,0.00964832849035257,"WNT5A/DKK1/PRICKLE1/MAGI2/CELSR1/DAAM1/DACT1/WNT7B/SFRP4",9
"GO:1903115","regulation of actin filament-based movement","7/669","43/18860",0.162790697674419,4.58928633503667,4.51867642228154,0.000725316640985506,0.0120071439589231,0.00970408381608374,"STC1/FGF13/PDE4D/DSC2/PDE4B/DSP/ACTA2",7
"GO:2000027","regulation of animal organ morphogenesis","10/669","84/18860",0.119047619047619,3.35611075521389,4.15028488503512,0.000764919833406231,0.012437433163107,0.0100518403281104,"HGF/WNT5A/TNFRSF11B/DKK1/SPRY1/NOG/PDGFA/BMP4/WT1/NGFR",10
"GO:0071295","cellular response to vitamin","6/669","33/18860",0.181818181818182,5.12569642614486,4.5489145596154,0.000951461642501498,0.0154157029949977,0.012458855699497,"COL1A1/GAS6/MN1/POSTN/PHEX/CDON",6
"GO:0030574","collagen catabolic process","7/669","45/18860",0.155555555555556,4.38531805347949,4.36011280040963,0.000960759162957653,0.0155113378641467,0.012536147084454,"ADAMTS14/CTSK/MMP14/MMP1/VSIR/MMP28/MMP12",7
"GO:1903522","regulation of blood circulation","21/669","279/18860",0.0752688172043011,2.1219280903933,3.62056779494913,0.00102103396861888,0.0163687866758585,0.0132291307919299,"TPM1/EDNRB/CLIC2/TBX2/STC1/TGFB2/ADRA1B/CXADR/FGF13/PDE4D/DOCK4/DSC2/HBEGF/CHRM2/EPAS1/PDE4B/DSP/ADRA1D/CD38/SCN4B/ABCC9",21
"GO:1904888","cranial skeletal system development","9/669","73/18860",0.123287671232877,3.47564346704343,4.06410494508308,0.00107795273767848,0.0172208603442412,0.0139177703488263,"B3GLCT/NOG/TGFB2/RDH10/PDGFRA/FOXC2/MMP14/BMP4/DLX2",9
"GO:0031650","regulation of heat generation","4/669","14/18860",0.285714285714286,8.05466581251335,5.06378166816422,0.001181920988772,0.018182481473735,0.0146949453433003,"EDNRB/PTGER3/PTGES/PTGS2",4
"GO:0008037","cell recognition","15/669","172/18860",0.0872093023255814,2.4585462509125,3.68508167801177,0.0012316114144238,0.0188201757608774,0.0152103250899444,"NCAM2/PALLD/PLXND1/NEDD9/MYPN/LY6K/C1S/EPHA3/NRCAM/ADAM32/SPON2/C1R/PTX3/DOCK8/EPHB3",15
"GO:0060563","neuroepithelial cell differentiation","7/669","47/18860",0.148936170212766,4.19870877460802,4.21054879951546,0.00125251860397956,0.0190758583386087,0.0154169658342467,"SOX11/JAG1/NKX2-2/DLL1/BMP4/INSM1/GATA2",7
"GO:0030239","myofibril assembly","9/669","75/18860",0.12,3.38295964125561,3.96538921649234,0.00130992160337874,0.0198654928638181,0.0160551425432892,"TPM1/PDGFRB/MYPN/KRT19/PDGFRA/MYL9/PROX1/TNNT1/MYBPC2",9
"GO:0009612","response to mechanical stimulus","18/669","228/18860",0.0789473684210526,2.22563134293132,3.57060366595603,0.00133735020742419,0.0201392395814707,0.0162763825901785,"F11R/ANGPT2/SLITRK6/NRXN1/SCX/COL1A1/ITGA2/BDKRB1/CASP1/MMP14/FOS/ATP8A2/POSTN/PPL/P2RY1/PTN/KIT/TMEM150C",18
"GO:0061383","trabecula morphogenesis","7/669","48/18860",0.145833333333333,4.11123567513702,4.13885437316494,0.00142223967975329,0.0210980944701065,0.0170513219295097,"NRG1/TGFBR3/NOG/COL1A1/TGFB2/ADAMTS1/SLC40A1",7
"GO:0042552","myelination","14/669","157/18860",0.089171974522293,2.51387659116659,3.65282414725186,0.00143097042366116,0.0211572145695981,0.0170991023511191,"TNFRSF1B/NDRG1/ITGB4/GPC1/LPAR1/EGR2/CTSC/ID4/JAM2/TSPAN2/CMTM8/PTN/FA2H/GALC",14
"GO:0070252","actin-mediated cell contraction","12/669","124/18860",0.0967741935483871,2.7281932590771,3.70261718703507,0.00153070274169324,0.0222731873464854,0.0180010231909483,"TPM1/STC1/FGF13/PDE4D/DSC2/PDE4B/DSP/SCN4B/FGF12/EMP2/ACTA2/ABCC9",12
"GO:0008360","regulation of cell shape","13/669","141/18860",0.0921985815602837,2.59920066999544,3.65523496533993,0.0015464939411828,0.0223605405609626,0.0180716214046277,"F11R/TPM1/PLXND1/CSF1R/FMNL1/LPAR1/PRAG1/SPTA1/PLXNC1/PALMD/P2RY1/SYNE3/KIT",13
"GO:0060021","roof of mouth development","10/669","92/18860",0.108695652173913,3.06427503736921,3.80624359626409,0.00155169566797095,0.0223649763626476,0.0180752063863261,"SOX11/WNT5A/B3GLCT/TGFBR3/FRAS1/TBX2/TGFB2/PDGFRA/OSR1/EPHB3",10
"GO:0060572","morphogenesis of an epithelial bud","4/669","15/18860",0.266666666666667,7.51768809167912,4.84267399890896,0.00156678399437084,0.0224408654240765,0.0181365393573764,"WNT5A/NOG/RDH10/BMP4",4
"GO:0046697","decidualization","5/669","25/18860",0.2,5.63826606875934,4.4502760607624,0.00162889232372799,0.0228454684219421,0.018463536469842,"STC1/LIF/NDP/PTGS2/PTN",5
"GO:0030856","regulation of epithelial cell differentiation","15/669","177/18860",0.0847457627118644,2.38909579184718,3.56073475974019,0.00163982078261589,0.0228454684219421,0.018463536469842,"F11R/SPRY1/TRIM16/CDKN1C/JAG1/CDH5/LIF/NKX2-2/DLL1/OSR1/PRKCH/BMP4/PAX6/SFRP4/CEACAM1",15
"GO:0031644","regulation of nervous system process","12/669","125/18860",0.096,2.70636771300448,3.67066613439189,0.00164003362713876,0.0228454684219421,0.018463536469842,"TNFRSF1B/RELN/NETO1/NRXN1/CCN3/EGR2/CTSC/ITGA2/JAM2/MAPK8IP2/STX1B/FGF12",12
"GO:0071230","cellular response to amino acid stimulus","10/669","93/18860",0.10752688172043,3.031325843419,3.76589097995531,0.00168468920296507,0.023325287782871,0.0188513228835773,"COL4A1/ASS1/PDGFD/COL1A1/PNPLA3/COL16A1/SESN3/PDGFRA/COL4A6/NEURL1",10
"GO:2000242","negative regulation of reproductive process","9/669","78/18860",0.115384615384615,3.25284580889962,3.82341952699453,0.00173168872457571,0.0237600173651244,0.019202668075902,"PLAT/WNT5A/ACVR1C/TPST2/LIF/BMP4/MAEL/WT1/KIT",9
"GO:0045446","endothelial cell differentiation","12/669","126/18860",0.0952380952380952,2.68488860417112,3.63902726707496,0.00175571001310625,0.023880761632339,0.0193002526883103,"NRG1/F11R/EDNRB/STC1/JAG1/PDE4D/CDH5/DLL1/PROX1/NDP/BMP4/CEACAM1",12
"GO:0048638","regulation of developmental growth","23/669","332/18860",0.0692771084337349,1.95301384911845,3.35968132140135,0.00181629445450208,0.0243623457044351,0.0196894653283935,"NRG1/PPIB/WNT5A/SEMA6D/TGFBR3/MAP2/BDNF/TBX2/NOG/SYT1/TRPV2/FGF13/BCL2L11/CRABP2/NRCAM/DLL1/FOXC2/PROX1/ATP8A2/SOCS2/MAEL/WT1/RTN4R",23
"GO:0051347","positive regulation of transferase activity","14/669","161/18860",0.0869565217391304,2.45142002989537,3.54683480521115,0.00181651708568317,0.0243623457044351,0.0196894653283935,"NRG1/WNT5A/NEDD9/CSF1R/PDGFRB/TPD52L1/PDGFB/EREG/ADCY8/GAS6/TENM1/GPRC5B/LCP2/CIMAP3",14
"GO:0090130","tissue migration","11/669","110/18860",0.1,2.81913303437967,3.66947783901129,0.00182357676316848,0.0243623457044351,0.0196894653283935,"WNT5A/TGFB2/IQSEC1/HAS2/ITGA2/HBEGF/EPB41L4B/PROX1/KRT16/KIT/ACTA2",11
"GO:0007612","learning","14/669","162/18860",0.0864197530864197,2.4362878074886,3.52083364404967,0.00192532163167878,0.0256466312977852,0.0207274153258529,"RELN/NETO1/TAFA2/DKK1/NRXN1/NOG/FGF13/MAPK8IP2/BRSK1/CLSTN2/FOS/PRKAR2B/PTN/KIT",14
"GO:0010714","positive regulation of collagen metabolic process","5/669","26/18860",0.192307692307692,5.42140968149937,4.32633605604628,0.00195857092112208,0.0259271382163866,0.0209541189165161,"SCX/ITGA2/BMP4/SERPINB7/VSIR",5
"GO:0050678","regulation of epithelial cell proliferation","27/669","416/18860",0.0649038461538462,1.82972576750604,3.28169177266985,0.00196907790787615,0.0259271382163866,0.0209541189165161,"SOX11/EDNRB/WNT5A/TGFBR3/NOG/CDKN1C/TGFB2/JAG1/HAS2/PDGFB/CCR3/EREG/RAP1GAP/OSR1/NKX2-6/PROX1/F3/BMP4/PAX6/PTN/GATA2/FA2H/CEACAM1/MMP12/VASH2/FGFBP1/NGFR",27
"GO:0003015","heart process","20/669","275/18860",0.0727272727272727,2.05027857045794,3.36460178335336,0.00200231786095642,0.0261962013723865,0.0211715737439568,"TPM1/EDNRB/CLIC2/TBX2/STC1/TGFB2/ADRA1B/CXADR/FGF13/PDE4D/DSC2/HBEGF/CHRM2/EPAS1/PDE4B/DSP/SCN4B/PPCS/FGF12/ABCC9",20
"GO:0071360","cellular response to exogenous dsRNA","4/669","16/18860",0.25,7.04783258594918,4.64106131840877,0.00203088650443895,0.0261962013723865,0.0211715737439568,"IFIT1/OAS1/OAS3/RIGI",4
"GO:0002011","morphogenesis of an epithelial sheet","8/669","65/18860",0.123076923076923,3.4697021961596,3.82493626981097,0.00203982095918352,0.0261962013723865,0.0211715737439568,"SOX11/COL5A1/WNT5A/JAG1/HBEGF/CEACAM1/MMP12/CARMIL2",8
"GO:2000630","positive regulation of miRNA metabolic process","8/669","65/18860",0.123076923076923,3.4697021961596,3.82493626981097,0.00203982095918352,0.0261962013723865,0.0211715737439568,"TGFB2/PDGFB/FOS/PAX6/WT1/GATA2/DNM3OS/NGFR",8
"GO:0086004","regulation of cardiac muscle cell contraction","6/669","38/18860",0.157894736842105,4.45126268586264,4.08395578900314,0.00204111352343392,0.0261962013723865,0.0211715737439568,"STC1/FGF13/PDE4D/DSC2/PDE4B/DSP",6
"GO:0002573","myeloid leukocyte differentiation","19/669","257/18860",0.0739299610894942,2.08418395537797,3.3560015040789,0.00213085508315525,0.0270554285890943,0.0218659947450306,"PIR/TNFRSF11B/NEDD9/CSF1R/SIGLEC15/SNX10/MAFB/TSPAN2/IRF7/LIF/FOS/MT1G/NDP/BMP4/GPR183/GATA2/KIT/ID2/CEACAM1",19
"GO:0045104","intermediate filament cytoskeleton organization","10/669","96/18860",0.104166666666667,2.93659691081216,3.64801185791754,0.00213994153722666,0.0270554285890943,0.0218659947450306,"KRT19/AGFG2/KRT80/NES/DSP/ATP8A2/PPL/KRT16/KRT15/KRT34",10
"GO:0030326","embryonic limb morphogenesis","12/669","129/18860",0.0930232558139535,2.62244933430667,3.54592559949137,0.00214359053387002,0.0270554285890943,0.0218659947450306,"WNT5A/DKK1/FRAS1/TBX2/PRICKLE1/NOG/TGFB2/BCL2L11/RDH10/CRABP2/OSR1/BMP4",12
"GO:0046683","response to organophosphorus","12/669","129/18860",0.0930232558139535,2.62244933430667,3.54592559949137,0.00214359053387002,0.0270554285890943,0.0218659947450306,"NT5E/ASS1/SCX/LPAR1/COL1A1/STC1/PDE4D/FOS/HCN2/WT1/P2RY1/ABCC9",12
"GO:0002367","cytokine production involved in immune response","12/669","130/18860",0.0923076923076923,2.6022766471197,3.51547806639677,0.00228746153698706,0.0284471486154177,0.0229907724465529,"RSAD2/TNFRSF1B/WNT5A/HFE/TRIL/TGFB2/RIGI/GPRC5B/SPON2/HLA-F/KIT/SECTM1",12
"GO:0002718","regulation of cytokine production involved in immune response","12/669","130/18860",0.0923076923076923,2.6022766471197,3.51547806639677,0.00228746153698706,0.0284471486154177,0.0229907724465529,"RSAD2/TNFRSF1B/WNT5A/HFE/TRIL/TGFB2/RIGI/GPRC5B/SPON2/HLA-F/KIT/SECTM1",12
"GO:0021675","nerve development","10/669","97/18860",0.103092783505155,2.90632271585533,3.60973444019358,0.00231197690025388,0.0284476567510245,0.0229911831179445,"SLITRK6/BDNF/LPAR1/EGR2/MAFB/NTF3/NKX2-2/NDP/LRIG1/NGFR",10
"GO:0045103","intermediate filament-based process","10/669","97/18860",0.103092783505155,2.90632271585533,3.60973444019358,0.00231197690025388,0.0284476567510245,0.0229911831179445,"KRT19/AGFG2/KRT80/NES/DSP/ATP8A2/PPL/KRT16/KRT15/KRT34",10
"GO:0015721","bile acid and bile salt transport","5/669","27/18860",0.185185185185185,5.22061673033272,4.20864357299783,0.00233445487128213,0.0284476567510245,0.0229911831179445,"ABCC3/ABCC2/NR1H4/SLCO2B1/CEACAM1",5
"GO:0035883","enteroendocrine cell differentiation","6/669","39/18860",0.153846153846154,4.33712774519949,4.00062541999113,0.00234106345773369,0.0284476567510245,0.0229911831179445,"WNT5A/NKX2-2/DLL1/BMP4/PAX6/INSM1",6
"GO:0048144","fibroblast proliferation","11/669","114/18860",0.0964912280701754,2.72021608580495,3.53285022542918,0.00242440725925026,0.0293045417130011,0.0236837111262877,"WNT5A/PDGFD/PDGFB/EREG/PDGFA/WNT7B/GAS6/PDGFRA/LIF/ABCC9/NGFR",11
"GO:0048661","positive regulation of smooth muscle cell proliferation","10/669","98/18860",0.102040816326531,2.87666636161191,3.57194401862363,0.00249494654832076,0.0298413894745485,0.0241175874662695,"MAP3K5/PDGFD/PDGFRB/ADAMTS1/PDGFB/ITGA2/EREG/HBEGF/BMP4/ID2",10
"GO:0039529","RIG-I signaling pathway","5/669","28/18860",0.178571428571429,5.03416613282084,4.09664823559748,0.00276015249788659,0.0317660875638384,0.025673114046364,"OASL/OAS3/RIGI/BIRC3/RNF125",5
"GO:0003018","vascular process in circulatory system","20/669","283/18860",0.0706713780918728,1.99232016563934,3.22553193801463,0.0027910875359407,0.0319611001296067,0.0258307217414061,"ABCC3/EDNRB/ABCC2/SLC2A3/ADRA1B/HTR1D/GUCY1A1/DOCK4/SH3GL2/SLC38A3/CDH5/FOXC2/SLIT2/ADRA1D/CD38/SLCO2B1/P2RY1/ACTA2/CEACAM1/ABCC9",20
"GO:0090287","regulation of cellular response to growth factor stimulus","25/669","385/18860",0.0649350649350649,1.83060586648031,3.15774631928241,0.00282211477083866,0.0322356059699045,0.0260525753055316,"SOX11/NREP/WNT5A/VASN/TSC22D1/DKK1/TGFBR3/NRXN1/SPRY1/ADAMTS12/GPC1/SHISA2/PMEPA1/NOG/CDKN1C/SPRY4/CDH5/DLL1/PROX1/SLIT2/BMP4/CYFIP2/SFRP4/FGFBP1/NGFR",25
"GO:0051338","regulation of transferase activity","21/669","304/18860",0.0690789473684211,1.9474274250649,3.1936304770685,0.00290732378422099,0.0326377453810951,0.0263775813656982,"NRG1/PPM1E/WNT5A/NEDD9/CSF1R/PDGFRB/GPRC5A/CDKN1C/TPD52L1/PDGFB/EREG/ADCY8/GAS6/KSR1/TENM1/GPRC5B/LCP2/LDB2/EMP2/CEACAM1/CIMAP3",21
"GO:0019079","viral genome replication","11/669","117/18860",0.094017094017094,2.65046695539969,3.43418995895705,0.00297272370021882,0.0332022613327667,0.0268338189297083,"RSAD2/ISG15/OAS2/IFIT1/IFITM1/OAS1/OASL/MX1/OAS3/GAS6/PROX1",11
"GO:0071356","cellular response to tumor necrosis factor","17/669","226/18860",0.0752212389380531,2.12058679577232,3.25005549708884,0.00298297606950925,0.0332022613327667,0.0268338189297083,"TNFRSF1B/TNFRSF11B/ASS1/CARD16/MAP3K5/ADAMTS12/ANXA4/COL1A1/HAS2/TRAF5/NR1H4/CASP1/TNFRSF19/GAS6/FOS/BIRC3/POSTN",17
"GO:1905330","regulation of morphogenesis of an epithelium","8/669","69/18860",0.115942028985507,3.26856003986049,3.62029515531634,0.00298667748036049,0.0332022613327667,0.0268338189297083,"HGF/WNT5A/ADAMTS12/TBX2/NOG/PDGFA/LIF/BMP4",8
"GO:0032728","positive regulation of interferon-beta production","6/669","41/18860",0.146341463414634,4.12556053811659,3.84207355046499,0.00303899948442247,0.0336203114874727,0.0271716839336154,"ISG15/OAS2/OAS1/OAS3/RIGI/IRF7",6
"GO:0032964","collagen biosynthetic process","7/669","55/18860",0.127272727272727,3.5879874983014,3.68596283643028,0.00316672947849786,0.0346973309046924,0.0280421229599154,"COL5A1/SCX/COL1A1/ITGA2/RCN3/BMP4/SERPINB7",7
"GO:0042634","regulation of hair cycle","5/669","29/18860",0.172413793103448,4.86057419720633,3.98986602784257,0.00323928837795819,0.0350718213243862,0.0283447833122408,"WNT5A/TGFB2/TSKU/FA2H/NGFR",5
"GO:0071229","cellular response to acid chemical","10/669","102/18860",0.0980392156862745,2.7638559160585,3.42542157183406,0.0033461604823788,0.0357669007417511,0.0289065412913255,"COL4A1/ASS1/PDGFD/COL1A1/PNPLA3/COL16A1/SESN3/PDGFRA/COL4A6/NEURL1",10
"GO:0045778","positive regulation of ossification","7/669","56/18860",0.125,3.52391629297459,3.62733729905015,0.00351074868040333,0.0370801600337996,0.0299679076150647,"SOX11/ISG15/WNT5A/CCN3/OSR1/BMP4/PTN",7
"GO:1902895","positive regulation of miRNA transcription","7/669","56/18860",0.125,3.52391629297459,3.62733729905015,0.00351074868040333,0.0370801600337996,0.0299679076150647,"TGFB2/PDGFB/FOS/PAX6/WT1/GATA2/NGFR",7
"GO:0055007","cardiac muscle cell differentiation","12/669","137/18860",0.0875912408759124,2.46931360675592,3.31002418949057,0.00353028444182596,0.0370801600337996,0.0299679076150647,"NRG1/DKK1/PDGFRB/PRICKLE1/SORBS2/CXADR/PDGFRA/DLL1/NKX2-6/PROX1/BMP4/WT1",12
"GO:0098773","skin epidermis development","12/669","137/18860",0.0875912408759124,2.46931360675592,3.31002418949057,0.00353028444182596,0.0370801600337996,0.0299679076150647,"WNT5A/DKK1/TGFB2/PDGFA/TNFRSF19/GLI2/DLL1/LDB2/HOXC13/KRT16/FA2H/NGFR",12
"GO:0016049","cell growth","30/669","499/18860",0.0601202404809619,1.6948695597473,3.01682068111836,0.00359183649727659,0.0374682670229606,0.0302815727768476,"NRG1/WNT5A/SEMA6D/MAP2/BDNF/PRICKLE1/SORBS2/SYT1/TGFB2/CCN3/TRPV2/CLSTN3/FGF13/BDKRB1/SH3GL2/HBEGF/CRABP2/NRCAM/IGFBP1/MMP14/SLIT2/POSTN/KAZALD1/SOCS2/CYFIP2/WT1/CD38/GNG4/CEACAM1/RTN4R",30
"GO:0010927","cellular component assembly involved in morphogenesis","12/669","138/18860",0.0869565217391304,2.45142002989537,3.28171329961937,0.00374543720738636,0.0388929604557915,0.0314329993385439,"ITGB4/TPM1/PDGFRB/MYPN/KRT19/GPC1/AGFG2/PDGFRA/MYL9/PROX1/TNNT1/MYBPC2",12
"GO:0045824","negative regulation of innate immune response","10/669","104/18860",0.0961538461538462,2.71070484074968,3.35479312329956,0.00385065023870049,0.0396642790564349,0.0320563732545354,"ISG15/USP18/SAMHD1/OAS1/OAS3/DTX4/FRK/HLA-F/CEACAM1/MMP12",10
"GO:0031638","zymogen activation","7/669","57/18860",0.12280701754386,3.46209320011539,3.57003476851326,0.00388248554087372,0.0396642790564349,0.0320563732545354,"PLAT/PRSS3/ANXA2P2/C1S/MMP14/C1R/VSIR",7
"GO:0061041","regulation of wound healing","12/669","139/18860",0.0863309352517986,2.43378391457238,3.25364888432275,0.003971021067193,0.0401780849528918,0.0324716273317308,"PLAT/ANGPT2/PDGFB/PDGFA/HBEGF/PDGFRA/FOXC2/SERPINB2/F3/ENPP4/PROS1/CEACAM1",12
"GO:0031032","actomyosin structure organization","16/669","215/18860",0.0744186046511628,2.09795946744534,3.10504891522675,0.00432632237902939,0.0431593164842473,0.0348810363264424,"F11R/PPM1E/TPM1/FRMD3/PDGFRB/MYPN/KRT19/DLC1/LPAR1/PDGFRA/EPB41L4B/MYL9/PROX1/TNNT1/MYBPC2/CORO2B",16
"GO:0034351","negative regulation of glial cell apoptotic process","3/669","10/18860",0.3,8.45739910313901,4.52351267032895,0.00442368835681213,0.0433730302623919,0.0350537582012581,"GAS6/DLL1/PRKCH",3
"GO:0038130","ERBB4 signaling pathway","3/669","10/18860",0.3,8.45739910313901,4.52351267032895,0.00442368835681213,0.0433730302623919,0.0350537582012581,"NRG1/EREG/HBEGF",3
"GO:0002456","T cell mediated immunity","12/669","141/18860",0.0851063829787234,2.39926215691887,3.1982427581533,0.00445491958177758,0.0435857121394898,0.0352256461013766,"RSAD2/TNFRSF1B/HFE/JAG1/RFTN1/CTSC/IL12RB1/HLA-F/EMP2/CEACAM1/SECTM1/CD274",12
"GO:0009913","epidermal cell differentiation","18/669","255/18860",0.0705882352941176,1.98997625956212,3.05227834311113,0.00448258344240779,0.0436743653843124,0.0352972949898441,"SLITRK6/PALLD/WNT5A/TRIM16/JAG1/EREG/KRT80/MAFB/GLI2/DLL1/DSP/PRKCH/PPL/BMP4/PAX6/KRT16/SFRP4/FA2H",18
"GO:0032956","regulation of actin cytoskeleton organization","23/669","357/18860",0.0644257703081232,1.81624817340987,2.98592818530754,0.00448309856976199,0.0436743653843124,0.0352972949898441,"F11R/PPM1E/TPM1/NEDD9/CSF1R/PDGFRB/SIGLEC15/DLC1/LPAR1/TGFB2/CELSR1/PDGFA/PDGFRA/EPHA3/TENM1/PROX1/SLIT2/RND3/CYRIA/SPTA1/CYFIP2/CARMIL2/CORO2B",23
"GO:0007492","endoderm development","9/669","90/18860",0.1,2.81913303437967,3.3173987836209,0.00461384650594386,0.0445818291271506,0.0360307003900529,"COL5A1/COL4A2/DKK1/NOG/COL7A1/LAMA3/MMP14/SOX2/BMP4",9
"GO:0086003","cardiac muscle cell contraction","9/669","91/18860",0.0989010989010989,2.78815355048539,3.27905756226325,0.0049635843566382,0.0474448052834308,0.0383445362763418,"STC1/FGF13/PDE4D/DSC2/PDE4B/DSP/SCN4B/FGF12/ABCC9",9
"GO:0040013","negative regulation of locomotion","26/669","424/18860",0.0613207547169811,1.72871365315735,2.91038596446437,0.00500962576436337,0.047669328423091,0.038525994196174,"ANGPT2/TPM1/DPYSL3/WNT5A/IFITM1/SEMA6D/TGFBR3/NEDD9/NOG/DLC1/ACVR1C/STC1/ADAMTS9/MAGI2/CCN3/JAG1/IL27RA/IL24/SLIT2/BMP4/KRT16/PADI2/RIPOR2/PTPRO/MMP28/NGFR",26
"GO:0048588","developmental cell growth","17/669","238/18860",0.0714285714285714,2.01366645312834,3.01796704761213,0.00502801401457082,0.047669328423091,0.038525994196174,"WNT5A/SEMA6D/MAP2/BDNF/PRICKLE1/SORBS2/SYT1/TRPV2/CLSTN3/FGF13/SH3GL2/CRABP2/NRCAM/SLIT2/POSTN/CYFIP2/RTN4R",17
"GO:0032526","response to retinoic acid","10/669","108/18860",0.0925925925925926,2.61030836516636,3.21840898329217,0.00503923957722761,0.047669328423091,0.038525994196174,"WNT5A/DKK1/WNT9A/TBX2/TRIM16/COL1A1/WNT7B/EPHA3/OSR1/CD38",10
"GO:0002832","negative regulation of response to biotic stimulus","12/669","144/18860",0.0833333333333333,2.34927752864973,3.11688025319089,0.00526812898216026,0.0495269162952474,0.0400272828014256,"ISG15/USP18/CARD16/SAMHD1/OAS1/OAS3/DTX4/FRK/HLA-F/CEACAM1/MMP12/CD274",12
